"Filename","GPT-3.5-turbo Cost","GPT-4 Cost","GPT-4-turbo Cost","GPT-4o Cost","GPT-4o-2024-08-06 Cost","GPT-4o-mini Cost"
"ptfscg_cot_answer_extraction.json","2.197021","88.22424","43.94042","22.18216","14.75949","0.8855694"
"ptfscg_rci-from-baseline-iteration-1.json","2.159626","91.4241","43.192519999999995","21.73256","14.0661175","0.84396705"
"ptfscg_rci-from-pe-03-a.json","2.016249","87.12279000000001","40.324980000000004","20.27463","12.972669999999999","0.7783602000000001"
"ptfscg_rci-from-baseline-iteration-2.json","2.5044389999999996","109.30524","50.08878","25.171644999999998","16.0126575","0.96075945"
"ptfscg_rci-from-baseline-iteration-3.json","2.733728","121.56585000000001","54.67456","27.486345","17.2943425","1.03766055"
