"Filename","Total Tasks","Total Samples","Vulnerable Samples","Expected CWE Samples","Sample Vulnerable Percentages","Min Vulnerable Percentage","Median Vulnerable Percentage","Average Vulnerable Percentage","Max Vulnerable Percentage","Min Expected CWE Percentage","Median Expected CWE Percentage","Average Expected CWE Percentage","Max Expected CWE Percentage"
"llmseceval_security_aware","148","1480","27.248322147651006","7.919463087248323","25.675675675675674","27.027027027027028","27.43243243243243","31.08108108108108","6.756756756756757","8.108108108108109","7.972972972972974","8.783783783783784"
"llmseceval_baseline","148","1480","26.107382550335572","7.516778523489933","22.2972972972973","26.35135135135135","26.283783783783782","29.72972972972973","5.405405405405405","7.4324324324324325","7.5675675675675675","10.135135135135135"
